{
    "aspect_ratio": 1.511627,
    "charset": {
        "a": 0.359213,
        "b": 0.413953,
        "c": 0.254741,
        "d": 0.422898,
        "e": 0.354919,
        "f": 0.300537,
        "g": 0.454025,
        "h": 0.374955,
        "i": 0.298390,
        "j": 0.325581,
        "k": 0.365653,
        "l": 0.272630,
        "m": 0.389982,
        "n": 0.319141,
        "o": 0.327370,
        "p": 0.410733,
        "q": 0.419678,
        "r": 0.204293,
        "s": 0.284794,
        "t": 0.297674,
        "u": 0.325581,
        "v": 0.268336,
        "w": 0.343113,
        "x": 0.285868,
        "y": 0.334168,
        "z": 0.281932,
        "A": 0.393202,
        "B": 0.489803,
        "C": 0.322719,
        "D": 0.456530,
        "E": 0.428623,
        "F": 0.349911,
        "G": 0.416458,
        "H": 0.454741,
        "I": 0.344544,
        "J": 0.312343,
        "K": 0.434705,
        "L": 0.286583,
        "M": 0.477281,
        "N": 0.456887,
        "O": 0.438640,
        "P": 0.388193,
        "Q": 0.468336,
        "R": 0.465832,
        "S": 0.372451,
        "T": 0.291592,
        "U": 0.436494,
        "V": 0.366369,
        "W": 0.469767,
        "X": 0.371020,
        "Y": 0.310555,
        "Z": 0.391771,
        "!": 0.159571,
        ";": 0.146333,
        "%": 0.293739,
        ":": 0.115206,
        "?": 0.232200,
        "*": 0.235420,
        "(": 0.215385,
        ")": 0.215385,
        "_": 0.107692,
        "+": 0.221467,
        "-": 0.132379,
        "=": 0.211807,
        ".": 0.055814,
        ",": 0.086225,
        "/": 0.168873,
        "|": 0.206082,
       "\"": 0.128801,
        "'": 0.064401,
        "@": 0.481574,
        "#": 0.424687,
        "$": 0.381395,
        "^": 0.127013,
        "&": 0.435778,
        "{": 0.295170,
        "}": 0.295170,
        "[": 0.269052,
        "]": 0.269052,
        "~": 0.137388,
        " ": 0.000000
    }
}